var,alpha,r2,5 Topics,Significant Topics (p<0.05),F-statistic,Prob
mret,0.00916140245713852,0.196,,,19.55,1.92e-17
indpro,0.0018761746914391195,0.266,,,73.57,5.57e-28
indprol1,0.001589282865622978,0.267,,,36.65,3.89e-26
